SA2_NAME,median_income,elderly_pct,children_pct,population_density,social_vulnerability_score
Rosebud - McCrae,1155.0,33.37255927475592,14.029811715481172,964.2075989180903,0.48384137190447957
Mornington - West,1389.0,38.70144598809186,10.80238162744542,1652.2767043201352,0.47875778558970805
Point Nepean,1430.0,32.239664832668716,13.871081722275502,294.8329940721692,0.4461225073351253
Melton,1061.0,20.213035759573927,18.792797362414404,799.4315613546261,0.44265445517752106
Melbourne CBD - North,1089.0,1.9205690574985181,2.7445168938944873,30044.82647732988,0.4403709692366259
Mornington - East,1502.0,26.003294892915978,17.930807248764417,1033.1860219542716,0.4374494772844722
Dromana,1398.0,30.734699985036663,13.444560825976357,296.65404394895376,0.4358367562485794
Campbellfield - Coolaroo,1104.0,15.63803948433705,21.679018496605842,882.8945306336155,0.43260428670782153
Avondale Heights,1587.0,26.727478204714238,15.97513722957701,2290.308511662115,0.4300526496339319
Kings Park (Vic.),1246.0,17.571336623042267,18.66552242008153,3154.5523599505473,0.42832506915588725
