sa2_name,median_income,elderly_pct,children_pct,population_density,social_vulnerability_score
Rosebud - McCrae,1155.0,33.37255927475592,14.029811715481172,964.207819059746,0.4838428819229792
Mornington - West,1389.0,38.70144598809186,10.80238162744542,1652.1454000374742,0.4787592784212519
Point Nepean,1430.0,32.239664832668716,13.871081722275502,294.8609564860182,0.44612319999536937
Melton,1061.0,20.213035759573927,18.792797362414404,799.6836149025494,0.44265780326298243
Melbourne CBD - North,1089.0,1.9205690574985181,2.7445168938944873,30039.17378917379,0.4403709692366259
Mornington - East,1502.0,26.003294892915978,17.930807248764417,1033.1281827836933,0.43745061207450586
Dromana,1398.0,30.734699985036663,13.444560825976357,296.64317816123844,0.43583712857755597
Campbellfield - Coolaroo,1104.0,15.63803948433705,21.679018496605842,882.8979419025992,0.4326056959477242
Avondale Heights,1587.0,26.727478204714238,15.97513722957701,2290.384010945329,0.43005686296117646
Kings Park (Vic.),1246.0,17.571336623042267,18.66552242008153,3154.795478645399,0.4283320310904952
